event_id,title,event_type,start_date,end_date,start_time,end_time,venue_id,presenting_institution_id,city,country,artists_or_participants,short_description,sidonie_note,official_event_url,booking_url,price_min,price_max,currency,featured,status,source_id,last_verified_date,notes,discovered_via,sidonie_recommended
evt-20260916-dunedin-wigmore,"CPE Bach, Haydn, Martínez and Mozart",concert,2026-09-16,,19:30,,venue-wigmore-hall,,London,United Kingdom,Dunedin Consort,,,,,18,50,GBP,FALSE,upcoming,src-continuo-london-20260915,2026-09-15,Series: Early Music at Wigmore Hall,Continuo Connect,
evt-20260918-monteverdi-vespers,Monteverdi Vespers,concert,2026-09-18,,19:30,,venue-kings-place,,London,United Kingdom,ECSE | I Fagiolini,,,,,28,70,GBP,FALSE,upcoming,src-continuo-london-20260915,2026-09-15,Series: Early Music at Kings Place,Continuo Connect,
evt-20260919-signs-secrets,Signs and Secrets,concert,2026-09-19,,19:00,,venue-st-james-church-n1,,London,United Kingdom,Dowland's Foundry,,,,,20,,GBP,FALSE,upcoming,src-continuo-london-20260915,2026-09-15,Concessions available; Islington Proms,Continuo Connect,
evt-20260920-do-disturb-circles-1700,DO disturb my Circles,concert,2026-09-20,,17:00,,venue-rocketvan-studio,,London,United Kingdom,ZAREKTRIO,,,,,15,,GBP,FALSE,upcoming,src-continuo-london-20260915,2026-09-15,"Concessions available; Old Sounds, new Unrest",Continuo Connect,
evt-20260920-do-disturb-circles-1900,DO disturb my Circles,concert,2026-09-20,,19:00,,venue-rocketvan-studio,,London,United Kingdom,ZAREKTRIO,,,,,15,,GBP,FALSE,upcoming,src-continuo-london-20260915,2026-09-15,"Concessions available; Old Sounds, new Unrest. Same programme appears at 17:00 and 19:00; retained as separate performance records for test.",Continuo Connect,
evt-20260921-beethoven-haydn-schubert,Beethoven Haydn Schubert,concert,2026-09-21,,19:30,,venue-cadogan-hall,,London,United Kingdom,The Hanover Band,,,,,22.50,54,GBP,FALSE,upcoming,src-continuo-london-20260915,2026-09-15,,Continuo Connect,
evt-20260923-bestiaries-bishops,Of Bestiaries & Bishops,concert,2026-09-23,,19:30,,venue-st-sepulchre,,London,United Kingdom,Green Dragon Guild of London,,,,,20,,GBP,FALSE,upcoming,src-continuo-london-20260915,2026-09-15,Concessions available,Continuo Connect,
evt-20260924-dinner-handel,Dinner with Handel,concert,2026-09-24,,19:00,,venue-st-georges-hanover-square,,London,United Kingdom,Cambridge Handel Opera,,,,,15,55,GBP,FALSE,upcoming,src-continuo-london-20260915,2026-09-15,London Handel Festival,Continuo Connect,
evt-20260927-goldberg-rondeau,Goldberg Variations,concert,2026-09-27,,14:00,,venue-queen-elizabeth-hall,,London,United Kingdom,Jean Rondeau,,,,,24,,GBP,FALSE,upcoming,src-continuo-london-20260915,2026-09-15,Price shown as 'From £24'; Southbank Centre,Continuo Connect,
evt-20260927-organ-kenwood-1400,18th Century Organ Sings Again,concert,2026-09-27,,14:00,,venue-kenwood-house,,London,United Kingdom,SARABAND,,,,,0,0,GBP,FALSE,upcoming,src-continuo-london-20260915,2026-09-15,Free; first of two performances,Continuo Connect,
evt-20260927-organ-kenwood-1515,18th Century Organ Sings Again,concert,2026-09-27,,15:15,,venue-kenwood-house,,London,United Kingdom,SARABAND,,,,,0,0,GBP,FALSE,upcoming,src-continuo-london-20260915,2026-09-15,Free; second of two performances,Continuo Connect,
evt-20260927-let-them-eat-cake,Let them eat Cake,concert,2026-09-27,,17:00,,venue-rocketvan-studio,,London,United Kingdom,ZAREKTRIO,,,,,15,,GBP,FALSE,upcoming,src-continuo-london-20260915,2026-09-15,"Concessions available; Old Sounds, new Unrest",Continuo Connect,
evt-20260927-la-serenissima-iken,La Serenissima,concert,2026-09-27,,19:30,,venue-all-saints-blackheath,,London,United Kingdom,Iken Scholars,,,,,10,15,GBP,FALSE,upcoming,src-continuo-london-20260915,2026-09-15,,Continuo Connect,
evt-20260928-still-loud-noise,Of Still and Loud Noise,concert,2026-09-28,,19:00,,venue-golden-hinde,,London,United Kingdom,The Morley Consort,,,,,15,15,GBP,FALSE,upcoming,src-continuo-london-20260915,2026-09-15,,Continuo Connect,
evt-20260928-night-shift-water-rats,The Night Shift at The Water Rats,concert,2026-09-28,,20:00,,venue-water-rats,,London,United Kingdom,Orchestra of the Age of Enlightenment,,,,,8,,GBP,FALSE,upcoming,src-continuo-london-20260915,2026-09-15,Price shown as 'From £8'; The Night Shift,Continuo Connect,
evt-20260929-love-loss-redemption,"Love, Loss and Redemption: An Evening with Handel",concert,2026-09-29,,18:30,,venue-handel-hendrix-house,,London,United Kingdom,Zsombor Tóth-Vajna | Gabriella Ács,,,,,25,25,GBP,FALSE,upcoming,src-continuo-london-20260915,2026-09-15,,Continuo Connect,
evt-20260929-dido-aeneas,Purcell: Dido & Aeneas,opera,2026-09-29,,19:30,,venue-temple-church,,London,United Kingdom,Early Opera Company,,,,,15,55,GBP,FALSE,upcoming,src-continuo-london-20260915,2026-09-15,Temple Music Foundation,Continuo Connect,
evt-20260930-mozart-requiem-allegri,Mozart Requiem and Allegri Miserere,concert,2026-09-30,,19:00,,venue-westminster-abbey,,London,United Kingdom,The English Concert,,,,,0,45,GBP,FALSE,upcoming,src-continuo-london-20260915,2026-09-15,PDF displays £0–£45,Continuo Connect,
evt-20261001-fretwork-40,Fretwork 40th Anniversary,concert,2026-10-01,,19:00,,venue-wigmore-hall,,London,United Kingdom,Fretwork,,,,,18,50,GBP,FALSE,upcoming,src-continuo-london-20260915,2026-09-15,Early Music at Wigmore Hall,Continuo Connect,
evt-20261001-apollos-jukebox,Apollo’s Jukebox,concert,2026-10-01,,19:30,,venue-fidelio-cafe,,London,United Kingdom,Apollo's Cabinet,,,,,25,25,GBP,FALSE,upcoming,src-continuo-london-20260915,2026-09-15,,Continuo Connect,
evt-20261001-big-concert,The Big Concert,concert,2026-10-01,,19:30,,venue-st-martin-in-the-fields,,London,United Kingdom,La Serenissima,,,,,10,35,GBP,FALSE,upcoming,src-continuo-london-20260915,2026-09-15,,Continuo Connect,
evt-20261002-vivaldi-four-seasons,Vivaldi Four Seasons by Candlelight,concert,2026-10-02,,19:00,,venue-st-martin-in-the-fields,,London,United Kingdom,The Baroque Chamber Orchestra of London,,,,,9,35,GBP,FALSE,upcoming,src-continuo-london-20260915,2026-09-15,St Martin-in-the-Fields,Continuo Connect,
evt-20261003-marie-antoinette,Antonia: Behind the Myth of Marie Antoinette,concert,2026-10-03,,15:00,,venue-chiswick-house,,London,United Kingdom,Liberata Collective,,,,,16,25,GBP,FALSE,upcoming,src-continuo-london-20260915,2026-09-15,£16 students; £25 standard,Continuo Connect,
evt-20261003-morley-lessons,"Music From Thomas Morley’s First Booke of Consort Lessons, 1599",concert,2026-10-03,,19:00,,venue-st-peters-belize-park,,London,United Kingdom,Walsingham Consort,,,,,,GBP,FALSE,upcoming,src-continuo-london-20260915,2026-09-15,Donation / pay what you want,Continuo Connect,,
evt-20261004-bach-astronomical,"Bach, the Universe and Everything: Astronomical Instruments",concert,2026-10-04,,11:30,,venue-kings-place,,London,United Kingdom,Orchestra of the Age of Enlightenment,,,,,22,22,GBP,FALSE,upcoming,src-continuo-london-20260915,2026-09-15,Early Music at Kings Place,Continuo Connect,
evt-20261004-here-deities-approve,Here The Deities Approve,concert,2026-10-04,,12:00,,venue-dukes-hall-ram,,London,United Kingdom,"John Butt, director",,,,,20,20,GBP,FALSE,upcoming,src-continuo-london-20260915,2026-09-15,Royal Academy of Music: Resounding Shores,Continuo Connect,
evt-20261007-earth-resounds,The Earth Resounds,concert,2026-10-07,,19:30,,venue-st-jamess-spanish-place,,London,United Kingdom,The Sixteen Choir,,,,,15,60,GBP,FALSE,upcoming,src-continuo-london-20260915,2026-09-15,Early Music at Wigmore Hall shown in listing,Continuo Connect,
evt-20261008-gesualdo-six-friends,The Gesualdo Six Friends’ Concert,concert,2026-10-08,,19:30,,venue-st-peters-eaton-square,,London,United Kingdom,The Gesualdo Six,,,,,25,25,GBP,FALSE,upcoming,src-continuo-london-20260915,2026-09-15,,Continuo Connect,
evt-20261008-mourn,MOURN,concert,2026-10-08,,19:30,,venue-stone-nest,,London,United Kingdom,FIGURE,,,,,30,30,GBP,FALSE,upcoming,src-continuo-london-20260915,2026-09-15,Concessions available,Continuo Connect,
evt-20261008-virtuosissime,Virtuosissime,concert,2026-10-08,,20:30,,venue-queens-house-greenwich,,London,United Kingdom,Musica Antica Rotherhithe,,,,,25,25,GBP,FALSE,upcoming,src-continuo-london-20260915,2026-09-15,A second Virtuosissime listing is visible on 7 Oct but its full details are not captured clearly enough to enter.,Continuo Connect,
evt-20261009-girl-from-arles,The Girl from Arles,concert,2026-10-09,,19:00,,venue-queen-elizabeth-hall,,London,United Kingdom,Orchestra of the Age of Enlightenment,,,,,18,71,GBP,FALSE,upcoming,src-continuo-london-20260915,2026-09-15,Southbank Centre,Continuo Connect,
