reference_id,source_family,issuer
R54,Institution-specific museum and cultural statutes,UK Parliament / legislation.gov.uk
R55,"Parliamentary Supply, accounts and scrutiny framework",UK Parliament / HM Treasury
R56,Arts Council England funding agreements and investment programme evidence,Arts Council England
R57,Institution governing documents and charity/company filings,Charity Commission / Companies House / institutions
R58,Charity independence and audited-income evidence,Charity Commission
R59,Higher-education funding and institution audited accounts,Office for Students / devolved funding bodies / institutions
R60,Institutional biographies and formal appointment records,Cultural and education institutions
R61,Institution annual reports and workforce disclosures,Cultural institutions
R62,Media/public-service institutional records,Relevant media institutions
